id,Name,web_name,Team number,Team,Position,Team games,Played
1,Bernd Leno,Leno,1,Arsenal,1,9,3
2,Runar Alex Runarsson,Runarsson,1,Arsenal,1,9,0
3,Willian Borges Da Silva,Willian,1,Arsenal,3,9,0
4,Pierre-Emerick Aubameyang,Aubameyang,1,Arsenal,4,9,8
5,Cedric Soares,Cedric,1,Arsenal,2,9,3
6,Alexandre Lacazette,Lacazette,1,Arsenal,4,9,4
7,Granit Xhaka,Xhaka,1,Arsenal,3,9,4
8,Pablo Mari,Mari,1,Arsenal,2,9,2
9,Hector Bellerin,Bellerin,1,Arsenal,2,9,0
10,Calum Chambers,Chambers,1,Arsenal,2,9,2
11,Sead Kolasinac,Kolasinac,1,Arsenal,2,9,1
12,Mohamed Naser El Sayed Elneny,Elneny,1,Arsenal,3,9,1
13,Ainsley Maitland-Niles,Maitland-Niles,1,Arsenal,3,9,6
14,Rob Holding,Holding,1,Arsenal,2,9,2
15,Thomas Partey,Partey,1,Arsenal,3,9,6
16,Kieran Tierney,Tierney,1,Arsenal,2,9,8
17,Nicolas Pepe,Pepe,1,Arsenal,3,9,6
18,Lucas Torreira,Torreira,1,Arsenal,3,9,0
20,Edward Nketiah,Nketiah,1,Arsenal,4,9,0
21,Emile Smith Rowe,Smith Rowe,1,Arsenal,3,9,9
22,Bukayo Saka,Saka,1,Arsenal,3,9,9
23,Gabriel Magalhaes,Gabriel,1,Arsenal,2,9,6
24,Konstantinos Mavropanos,Mavropanos,1,Arsenal,2,9,0
25,Matteo Guendouzi,Guendouzi,1,Arsenal,3,9,0
26,Gabriel Teodoro Martinelli Silva,Martinelli,1,Arsenal,3,9,4
27,William Saliba,Saliba,1,Arsenal,2,9,0
67,Ben White,White,1,Arsenal,2,9,7
466,Nuno Varela Tavares,Tavares,1,Arsenal,2,9,5
478,Albert Sambi Lokonga,Sambi Lokonga,1,Arsenal,3,9,8
530,Folarin Balogun,Balogun,1,Arsenal,4,9,2
531,Reiss Nelson,Nelson,1,Arsenal,3,9,1
532,Karl Hein,Hein,1,Arsenal,1,9,0
558,Martin Ødegaard,Ødegaard,1,Arsenal,3,8,7
559,Aaron Ramsdale,Ramsdale,1,Arsenal,1,8,6
572,Arthur Okonkwo,Okonkwo,1,Arsenal,1,7,0
590,Takehiro Tomiyasu,Tomiyasu,1,Arsenal,2,6,6
28,Jed Steer,Steer,2,Aston Villa,1,9,1
29,Conor Hourihane,Hourihane,2,Aston Villa,3,9,0
30,Emiliano Martinez,Martinez,2,Aston Villa,1,9,8
31,Bjorn Engels,Engels,2,Aston Villa,2,9,0
32,Bertrand Traore,Traore,2,Aston Villa,3,9,4
34,Morgan Sanson,Sanson,2,Aston Villa,3,9,0
35,John McGinn,McGinn,2,Aston Villa,3,9,8
36,Kortney Hause,Hause,2,Aston Villa,2,9,3
37,Mahmoud Ahmed Ibrahim Hassan,Trezeguet,2,Aston Villa,3,9,0
38,Tyrone Mings,Mings,2,Aston Villa,2,9,8
39,Matt Targett,Targett,2,Aston Villa,2,9,8
40,Ollie Watkins,Watkins,2,Aston Villa,4,9,7
41,Marvelous Nakamba,Nakamba,2,Aston Villa,3,9,5
42,Anwar El Ghazi,El Ghazi,2,Aston Villa,3,9,4
43,Emiliano Buendia Stati,Buendia,2,Aston Villa,3,9,7
44,Matthew Cash,Cash,2,Aston Villa,2,9,9
45,Ezri Konsa Ngoyo,Konsa,2,Aston Villa,2,9,9
46,Frederic Guilbert,Guilbert,2,Aston Villa,2,9,0
47,Wesley Moraes,Wesley,2,Aston Villa,4,9,1
48,Mbwana Ally Samatta,Samatta,2,Aston Villa,4,9,0
49,Keinan Davis,Davis,2,Aston Villa,4,9,0
50,Douglas Luiz Soares de Paulo,Douglas Luiz,2,Aston Villa,3,9,8
51,Jacob Ramsey,Ramsey,2,Aston Villa,3,9,8
52,Ashley Young,Young,2,Aston Villa,2,9,5
283,Axel Tuanzebe,Tuanzebe,2,Aston Villa,2,9,6
337,Danny Ings,Ings,2,Aston Villa,4,9,9
492,Leon Bailey,Bailey,2,Aston Villa,3,9,4
496,Aaron Ramsey,Ramsey,2,Aston Villa,3,9,0
497,Jaden Philogene-Bidace,Philogene-Bidace,2,Aston Villa,3,9,1
526,Carney Chukwuemeka,Chukwuemeka,2,Aston Villa,3,9,1
568,Cameron Archer,Archer,2,Aston Villa,4,7,2
596,Viljami Sinisalo,Sinisalo,2,Aston Villa,1,6,0
610,Lamare Bogarde,Bogarde,2,Aston Villa,2,4,0
76,Pontus Jansson,Jansson,3,Brentford,2,9,9
77,Christian Nørgaard,Nørgaard,3,Brentford,3,9,9
78,Ivan Toney,Toney,3,Brentford,4,9,9
79,Tariqe Fosu-Henry,Fosu,3,Brentford,3,9,0
80,David Raya Martin,Raya,3,Brentford,1,9,9
81,Sergi Canos,Canos,3,Brentford,3,9,9
82,Pelenda Joshua Dasilva,Dasilva,3,Brentford,3,9,0
83,Rico Henry,Henry,3,Brentford,2,9,9
84,Vitaly Janelt,Janelt,3,Brentford,3,9,6
85,Saman Ghoddos,Ghoddos,3,Brentford,3,9,4
86,Mathias Jensen,Jensen,3,Brentford,3,9,5
87,Charlie Goode,Goode,3,Brentford,2,9,0
88,Marcus Forss,Forss,3,Brentford,4,9,3
89,Mads Roerslev Rasmussen,Roerslev,3,Brentford,2,9,2
90,Mads Bech Sørensen,Sørensen,3,Brentford,2,9,1
91,Ethan Pinnock,Pinnock,3,Brentford,2,9,9
92,Ellery Balcombe,Balcombe,3,Brentford,1,9,0
93,Jan Zamburek,Zamburek,3,Brentford,3,9,0
94,Patrik Gunnarsson,Gunnarsson,3,Brentford,1,9,0
95,Halil Dervisoglu,Dervisoglu,3,Brentford,4,9,0
96,Bryan Mbeumo,Mbeumo,3,Brentford,3,9,9
97,Mads Bidstrup,Bidstrup,3,Brentford,3,9,3
479,Frank Onyeka,Onyeka,3,Brentford,3,9,8
483,Kristoffer Ajer,Ajer,3,Brentford,2,9,7
498,Dominic Thompson,Thompson,3,Brentford,2,9,0
499,Shandon Baptiste,Baptiste,3,Brentford,3,9,5
524,Yoane Wissa,Wissa,3,Brentford,3,9,4
556,Alvaro Fernandez,Fernandez,3,Brentford,1,8,0
569,Finley Stevens,Stevens,3,Brentford,2,7,0
594,Mathias Jorgensen,Zanka,3,Brentford,2,6,5
614,Paris Maghoma,Maghoma,3,Brentford,3,2,0
53,Adam Lallana,Lallana,4,Brighton,3,9,9
54,Jason Steele,Steele,4,Brighton,1,9,0
55,Pascal Groß,Groß,4,Brighton,3,9,7
56,Shane Duffy,Duffy,4,Brighton,2,9,8
57,Davy Propper,Propper,4,Brighton,3,9,0
58,Dan Burn,Burn,4,Brighton,2,9,5
59,Lewis Dunk,Dunk,4,Brighton,2,9,9
60,Solomon March,March,4,Brighton,3,9,7
61,Adam Webster,Webster,4,Brighton,2,9,4
62,Joel Veltman,Veltman,4,Brighton,2,9,7
63,Neal Maupay,Maupay,4,Brighton,4,9,9
64,Leandro Trossard,Trossard,4,Brighton,3,9,9
65,Mathew Ryan,Ryan,4,Brighton,1,9,0
66,Alireza Jahanbakhsh,Jahanbakhsh,4,Brighton,3,9,0
68,Bernardo Fernandes Da Silva Junior,Bernardo,4,Brighton,2,9,0
69,Robert Sanchez,Sanchez,4,Brighton,1,9,9
70,Yves Bissouma,Bissouma,4,Brighton,3,9,5
71,Tariq Lamptey,Lamptey,4,Brighton,2,9,2
72,Aaron Connolly,Connolly,4,Brighton,4,9,2
73,Steven Alzate,Alzate,4,Brighton,3,9,2
74,Alexis Mac Allister,Mac Allister,4,Brighton,3,9,7
75,Jakub Moder,Moder,4,Brighton,3,9,9
447,Danny Welbeck,Welbeck,4,Brighton,4,9,4
462,Enock Mwepu,Mwepu,4,Brighton,3,9,4
476,Kjell Scherpen,Scherpen,4,Brighton,1,9,0
500,Florin Andone,Andone,4,Brighton,4,9,0
535,Andi Zeqiri,Zeqiri,4,Brighton,4,9,0
536,Michal Karbownik,Karbownik,4,Brighton,2,9,0
537,Taylor Richards,Richards,4,Brighton,3,9,1
538,Moises Caicedo,Caicedo,4,Brighton,3,9,0
560,Haydon Roberts,Roberts,4,Brighton,2,8,0
584,Marc Cucurella,Cucurella,4,Brighton,2,6,6
595,Jurgen Locadia,Locadia,4,Brighton,4,6,0
612,Jeremy Sarmiento,Sarmiento,4,Brighton,3,3,0
98,James Tarkowski,Tarkowski,5,Burnley,2,9,9
99,Phil Bardsley,Bardsley,5,Burnley,2,9,0
100,Erik Pieters,Pieters,5,Burnley,2,9,2
101,Jack Cork,Cork,5,Burnley,3,9,4
102,Dale Stephens,Stephens,5,Burnley,3,9,0
103,Kevin Long,Long,5,Burnley,2,9,0
104,Jay Rodriguez,Rodriguez,5,Burnley,4,9,7
105,Ashley Barnes,Barnes,5,Burnley,4,9,8
106,Ben Mee,Mee,5,Burnley,2,9,6
107,Ashley Westwood,Westwood,5,Burnley,3,9,8
108,Johann Berg Gudmundsson,Gudmundsson,5,Burnley,3,9,9
109,Chris Wood,Wood,5,Burnley,4,9,9
110,Matthew Lowton,Lowton,5,Burnley,2,9,9
111,Matej Vydra,Vydra,5,Burnley,4,9,7
112,Nick Pope,Pope,5,Burnley,1,9,9
113,Charlie Taylor,Taylor,5,Burnley,2,9,8
114,Will Norris,Norris,5,Burnley,1,9,0
115,Josh Brownhill,Brownhill,5,Burnley,3,9,9
116,Josh Benson,Benson,5,Burnley,3,9,0
117,Bailey Peacock-Farrell,Peacock-Farrell,5,Burnley,1,9,0
118,Dwight McNeil,McNeil,5,Burnley,3,9,9
451,Nathan Collins,Collins,5,Burnley,2,9,3
480,Wayne Hennessey,Hennessey,5,Burnley,1,9,0
533,Lewis Richardson,Richardson,5,Burnley,4,9,0
534,Bobby Thomas,Thomas,5,Burnley,2,9,0
565,Owen Dodgson,Dodgson,5,Burnley,2,8,0
575,Aaron Lennon,Lennon,5,Burnley,3,7,4
578,Maxwel Cornet,Cornet,5,Burnley,3,6,4
585,Connor Roberts,Roberts,5,Burnley,2,6,0
119,Cesar Azpilicueta,Azpilicueta,6,Chelsea,2,9,8
120,Olivier Giroud,Giroud,6,Chelsea,4,9,0
121,Thiago Emiliano da Silva,Thiago Silva,6,Chelsea,2,9,6
122,Marcos Alonso,Alonso,6,Chelsea,2,9,6
123,Jorge Luiz Frello Filho,Jorginho,6,Chelsea,3,9,8
124,Ross Barkley,Barkley,6,Chelsea,3,9,2
125,Mateo Kovacic,Kovacic,6,Chelsea,3,9,9
126,Michy Batshuayi,Batshuayi,6,Chelsea,4,9,0
127,Antonio Rudiger,Rudiger,6,Chelsea,2,9,8
129,Kepa Arrizabalaga,Arrizabalaga,6,Chelsea,1,9,1
130,N'Golo Kante,Kante,6,Chelsea,3,9,5
131,Hakim Ziyech,Ziyech,6,Chelsea,3,9,3
132,Ruben Loftus-Cheek,Loftus-Cheek,6,Chelsea,3,9,4
133,Andreas Christensen,Christensen,6,Chelsea,2,9,6
134,Timo Werner,Werner,6,Chelsea,4,9,7
135,Benjamin Chilwell,Chilwell,6,Chelsea,2,9,3
136,Tammy Abraham,Abraham,6,Chelsea,4,9,0
137,Christian Pulisic,Pulisic,6,Chelsea,3,9,1
138,Mason Mount,Mount,6,Chelsea,3,9,7
139,Ethan Ampadu,Ampadu,6,Chelsea,2,9,0
140,Callum Hudson-Odoi,Hudson-Odoi,6,Chelsea,3,9,3
141,Kai Havertz,Havertz,6,Chelsea,3,9,8
142,Reece James,James,6,Chelsea,2,9,6
143,Edouard Mendy,Mendy,6,Chelsea,1,9,8
501,Malang Sarr,Sarr,6,Chelsea,2,9,1
527,Trevoh Chalobah,Chalobah,6,Chelsea,2,9,6
529,Romelu Lukaku,Lukaku,6,Chelsea,4,9,7
539,Emerson Palmieri dos Santos,Emerson,6,Chelsea,2,9,1
592,Saul Niguez,Saul,6,Chelsea,3,6,1
606,Marcus Bettinelli,Bettinelli,6,Chelsea,1,5,0
144,Conor Gallagher,Gallagher,7,Crystal Palace,3,9,8
146,Vicente Guaita,Guaita,7,Crystal Palace,1,9,9
147,James Tomkins,Tomkins,7,Crystal Palace,2,9,1
148,James McArthur,McArthur,7,Crystal Palace,3,9,9
149,Christian Benteke,Benteke,7,Crystal Palace,4,9,9
150,Cheikhou Kouyate,Kouyate,7,Crystal Palace,2,9,7
151,Martin Kelly,Kelly,7,Crystal Palace,2,9,0
152,Luka Milivojevic,Milivojevic,7,Crystal Palace,3,9,5
153,Jordan Ayew,Ayew,7,Crystal Palace,4,9,8
154,Wilfried Zaha,Zaha,7,Crystal Palace,3,9,8
155,Jeffrey Schlupp,Schlupp,7,Crystal Palace,3,9,6
156,Jack Butland,Butland,7,Crystal Palace,1,9,0
157,Jairo Riedewald,Riedewald,7,Crystal Palace,3,9,2
158,Jarosław Jach,Jach,7,Crystal Palace,2,9,0
159,Jean-Philippe Mateta,Mateta,7,Crystal Palace,4,9,2
160,Eberechi Eze,Eze,7,Crystal Palace,3,9,0
161,Nathan Ferguson,Ferguson,7,Crystal Palace,2,9,0
162,Tyrick Mitchell,Mitchell,7,Crystal Palace,2,9,9
386,Will Hughes,Hughes,7,Crystal Palace,3,9,0
464,Michael Olise,Olise,7,Crystal Palace,3,9,5
474,Joel Ward,Ward,7,Crystal Palace,2,9,9
477,Marc Guehi,Guehi,7,Crystal Palace,2,9,9
488,Joachim Andersen,Andersen,7,Crystal Palace,2,9,9
493,Nathaniel Clyne,Clyne,7,Crystal Palace,2,9,0
540,Reece Hannam,Hannam,7,Crystal Palace,2,9,0
541,Jesurun Rak-Sakyi,Rak-Sakyi,7,Crystal Palace,3,9,1
542,Robert Street,Street,7,Crystal Palace,4,9,0
543,Scott Banks,Banks,7,Crystal Palace,3,9,0
561,Remi Matthews,Matthews,7,Crystal Palace,1,8,0
586,Odsonne Edouard,Edouard,7,Crystal Palace,4,6,6
163,Fabian Delph,Delph,8,Everton,3,9,1
164,Gylfi Sigurdsson,Sigurdsson,8,Everton,3,9,0
165,Seamus Coleman,Coleman,8,Everton,2,9,6
166,James Rodriguez,James,8,Everton,3,9,0
167,Bernard Anicio Caldeira Duarte,Bernard,8,Everton,3,9,0
168,Lucas Digne,Digne,8,Everton,2,9,9
169,Michael Keane,Keane,8,Everton,2,9,9
170,Jordan Pickford,Pickford,8,Everton,1,9,8
171,Allan Marques Loureiro,Allan,8,Everton,3,9,9
172,Andre Filipe Tavares Gomes,Andre Gomes,8,Everton,3,9,3
173,Abdoulaye Doucoure,Doucoure,8,Everton,3,9,8
174,Alex Iwobi,Iwobi,8,Everton,3,9,8
175,Yerry Mina,Mina,8,Everton,2,9,6
176,Tom Davies,Davies,8,Everton,3,9,4
177,Dominic Calvert-Lewin,Calvert-Lewin,8,Everton,4,9,3
178,Mason Holgate,Holgate,8,Everton,2,9,2
179,Ben Godfrey,Godfrey,8,Everton,2,9,6
180,Richarlison de Andrade,Richarlison,8,Everton,4,9,5
181,Joao Virginia,Virginia,8,Everton,1,9,0
481,Asmir Begovic,Begovic,8,Everton,1,9,1
482,Andros Townsend,Townsend,8,Everton,3,9,9
484,Demarai Gray,Gray,8,Everton,3,9,9
502,Jonjoe Kenny,Kenny,8,Everton,2,9,1
503,Anthony Gordon,Gordon,8,Everton,3,9,6
504,Jean-Philippe Gbamin,Gbamin,8,Everton,3,9,0
544,Jarrad Branthwaite,Branthwaite,8,Everton,2,9,0
545,Nathan Broadhead,Broadhead,8,Everton,4,9,0
564,Moise Kean,Kean,8,Everton,4,8,1
570,Niels Nkounkou,Nkounkou,8,Everton,2,7,0
571,Andy Lonergan,Lonergan,8,Everton,1,7,0
591,Salomon Rondon,Rondon,8,Everton,4,6,6
602,Ellis Simms,Simms,8,Everton,4,5,0
607,Lewis Dobbin,Dobbin,8,Everton,4,4,2
613,Charlie Whitaker,Whitaker,8,Everton,3,3,0
616,Harry Tyrer,Tyrer,8,Everton,1,2,0
200,Kasper Schmeichel,Schmeichel,9,Leicester,1,9,9
201,Jonny Evans,Evans,9,Leicester,2,9,3
202,Marc Albrighton,Albrighton,9,Leicester,3,9,3
203,Nampalys Mendy,Mendy,9,Leicester,3,9,0
204,Danny Ward,Ward,9,Leicester,1,9,0
205,Jamie Vardy,Vardy,9,Leicester,4,9,9
206,Dennis Praet,Praet,9,Leicester,3,9,0
207,Ricardo Domingos Barbosa Pereira,Pereira,9,Leicester,2,9,7
208,Daniel Amartey,Amartey,9,Leicester,2,9,5
209,Timothy Castagne,Castagne,9,Leicester,2,9,7
210,Youri Tielemans,Tielemans,9,Leicester,3,9,9
211,Ayoze Perez,Perez,9,Leicester,3,9,4
212,James Maddison,Maddison,9,Leicester,3,9,9
213,Kelechi Iheanacho,Iheanacho,9,Leicester,4,9,9
214,Hamza Choudhury,Choudhury,9,Leicester,3,9,1
215,Harvey Barnes,Barnes,9,Leicester,3,9,7
216,Wilfred Ndidi,Ndidi,9,Leicester,3,9,6
217,Caglar Soyuncu,Soyuncu,9,Leicester,2,9,9
218,James Justin,Justin,9,Leicester,2,9,0
219,Luke Thomas,Thomas,9,Leicester,2,9,3
220,Wesley Fofana,Fofana,9,Leicester,2,9,0
340,Jannik Vestergaard,Vestergaard,9,Leicester,2,9,7
455,Patson Daka,Daka,9,Leicester,4,9,3
458,Boubakary Soumare,Soumare,9,Leicester,3,9,7
473,Ryan Bertrand,Bertrand,9,Leicester,2,9,4
505,Kiernan Dewsbury-Hall,Dewsbury-Hall,9,Leicester,3,9,1
573,Eldin Jakupovic,Jakupovic,9,Leicester,1,7,0
587,Ademola Lookman,Lookman,9,Leicester,3,6,4
182,Pablo Hernandez Dominguez,Hernandez,10,Leeds,3,9,0
183,Francisco Casilla Cortes,Casilla,10,Leeds,1,9,0
184,Liam Cooper,Cooper,10,Leeds,2,9,9
185,Luke Ayling,Ayling,10,Leeds,2,9,5
186,Mateusz Klich,Klich,10,Leeds,3,9,7
187,Rodrigo Moreno,Rodrigo,10,Leeds,4,9,8
188,Stuart Dallas,Dallas,10,Leeds,3,9,9
189,Patrick Bamford,Bamford,10,Leeds,4,9,5
190,Diego Llorente,Llorente,10,Leeds,2,9,5
191,Kalvin Phillips,Phillips,10,Leeds,3,9,6
192,Helder Wander Sousa de Azevedo e Costa,Costa,10,Leeds,3,9,1
193,Tyler Roberts,Roberts,10,Leeds,3,9,9
194,Robin Koch,Koch,10,Leeds,2,9,1
195,Ian Carlo Poveda-Ocampo,Poveda,10,Leeds,3,9,0
196,Raphael Dias Belloli,Raphinha,10,Leeds,3,9,8
197,Jamie Shackleton,Shackleton,10,Leeds,3,9,7
198,Pascal Struijk,Struijk,10,Leeds,2,9,7
199,Illan Meslier,Meslier,10,Leeds,1,9,9
267,Jack Harrison,Harrison,10,Leeds,3,9,7
287,Daniel James,James,10,Leeds,3,9,8
463,Hector Junior Firpo Adames,Firpo,10,Leeds,2,9,6
490,Kristoffer Klaesson,Klaesson,10,Leeds,1,9,0
550,Sam Greenwood,Greenwood,10,Leeds,4,9,0
551,Crysencio Summerville,Summerville,10,Leeds,3,9,4
552,Adam Forshaw,Forshaw,10,Leeds,3,9,1
562,Cody Drameh,Drameh,10,Leeds,2,8,0
563,Charlie Cresswell,Cresswell,10,Leeds,2,8,1
576,Liam McCarron,McCarron,10,Leeds,3,7,0
577,Joe Gelhardt,Gelhardt,10,Leeds,4,7,2
600,Nohan Kenneh,Kenneh,10,Leeds,3,5,0
601,Stuart McKinstry,McKinstry,10,Leeds,3,5,0
608,Leo Fuhr Hjelde,Hjelde,10,Leeds,2,4,0
221,James Milner,Milner,11,Liverpool,3,9,5
222,Jordan Henderson,Henderson,11,Liverpool,3,9,8
223,Adrian San Miguel del Castillo,Adrian,11,Liverpool,1,9,0
224,Joel Matip,Matip,11,Liverpool,2,9,7
225,Thiago Alcantara do Nascimento,Thiago,11,Liverpool,3,9,4
226,Xherdan Shaqiri,Shaqiri,11,Liverpool,3,9,0
227,Alex Oxlade-Chamberlain,Chamberlain,11,Liverpool,3,9,4
228,Roberto Firmino,Firmino,11,Liverpool,4,9,7
229,Virgil van Dijk,van Dijk,11,Liverpool,2,9,9
230,Sadio Mane,Mane,11,Liverpool,3,9,9
231,Alisson Ramses Becker,Alisson,11,Liverpool,1,9,8
232,Fabio Henrique Tavares,Fabinho,11,Liverpool,3,9,6
233,Mohamed Salah,Salah,11,Liverpool,3,9,9
234,Andrew Robertson,Robertson,11,Liverpool,2,9,6
235,Divock Origi,Origi,11,Liverpool,4,9,1
236,Takumi Minamino,Minamino,11,Liverpool,3,9,0
237,Trent Alexander-Arnold,Alexander-Arnold,11,Liverpool,2,9,7
238,Joseph Gomez,Gomez,11,Liverpool,2,9,2
239,Naby Keita,Keita,11,Liverpool,3,9,6
240,Diogo Jota,Jota,11,Liverpool,3,9,8
241,Nathaniel Phillips,Phillips,11,Liverpool,2,9,0
242,Caoimhin Kelleher,Kelleher,11,Liverpool,1,9,1
243,Ibrahima Konate,Konate,11,Liverpool,2,9,2
244,Curtis Jones,Jones,11,Liverpool,3,9,4
245,Konstantinos Tsimikas,Tsimikas,11,Liverpool,2,9,5
246,Neco Williams,N.Williams,11,Liverpool,2,9,1
247,Rhys Williams,R.Williams,11,Liverpool,2,9,0
248,Ben Davies,Davies,11,Liverpool,2,9,0
506,Harvey Elliott,Elliott,11,Liverpool,3,9,4
553,Ben Woodburn,Woodburn,11,Liverpool,3,9,0
33,Jack Grealish,Grealish,12,Man City,3,9,8
249,Kyle Walker,Walker,12,Man City,2,9,7
250,Ilkay Gundogan,Gundogan,12,Man City,3,9,6
251,Kevin De Bruyne,De Bruyne,12,Man City,3,9,6
252,John Stones,Stones,12,Man City,2,9,1
253,Benjamin Mendy,Mendy,12,Man City,2,9,1
254,Riyad Mahrez,Mahrez,12,Man City,3,9,7
255,Raheem Sterling,Sterling,12,Man City,3,9,8
256,Joao Pedro Cavaco Cancelo,Cancelo,12,Man City,2,9,9
257,Ederson Santana de Moraes,Ederson,12,Man City,1,9,8
258,Nathan Ake,Ake,12,Man City,2,9,3
259,Aymeric Laporte,Laporte,12,Man City,2,9,7
260,Zack Steffen,Steffen,12,Man City,1,9,1
261,Bernardo Mota Veiga de Carvalho e Silva,Bernardo,12,Man City,3,9,8
262,Ruben Santos Gato Alves Dias,Dias,12,Man City,2,9,9
263,Gabriel Fernando de Jesus,Jesus,12,Man City,4,9,8
264,Oleksandr Zinchenko,Zinchenko,12,Man City,2,9,2
265,Phil Foden,Foden,12,Man City,3,9,5
266,Rodrigo Hernandez,Rodrigo,12,Man City,3,9,7
268,Ferran Torres,Torres,12,Man City,3,9,4
453,Fernando Luiz Rosa,Fernandinho,12,Man City,3,9,6
507,Cole Palmer,Palmer,12,Man City,3,9,2
508,Samuel Edozie,Edozie,12,Man City,3,9,0
566,Tommy Doyle,Doyle,12,Man City,3,8,0
593,Scott Carson,Carson,12,Man City,1,6,0
603,Luke Mbete,Mbete,12,Man City,2,5,0
604,Joshua Wilson-Esbrand,Wilson-Esbrand,12,Man City,2,5,0
605,Romeo Lavia,Lavia,12,Man City,3,5,0
615,Cieran Slicker,Slicker,12,Man City,1,2,0
269,Edinson Cavani,Cavani,13,Man Utd,4,9,4
270,David de Gea,de Gea,13,Man Utd,1,9,9
271,Nemanja Matic,Matic,13,Man Utd,3,9,5
272,Paul Pogba,Pogba,13,Man Utd,3,9,9
273,Harry Maguire,Maguire,13,Man Utd,2,9,8
274,Frederico Rodrigues de Paula Santos,Fred,13,Man Utd,3,9,7
275,Luke Shaw,Shaw,13,Man Utd,2,9,9
276,Jesse Lingard,Lingard,13,Man Utd,3,9,4
277,Bruno Miguel Borges Fernandes,Fernandes,13,Man Utd,3,9,9
278,Anthony Martial,Martial,13,Man Utd,4,9,5
279,Alex Nicolao Telles,Telles,13,Man Utd,2,9,0
280,Dean Henderson,Henderson,13,Man Utd,1,9,0
281,Marcus Rashford,Rashford,13,Man Utd,3,9,2
282,Donny van de Beek,van de Beek,13,Man Utd,3,9,1
284,Victor Lindelof,Lindelof,13,Man Utd,2,9,6
285,Scott McTominay,McTominay,13,Man Utd,3,9,7
286,Eric Bailly,Bailly,13,Man Utd,2,9,0
288,Aaron Wan-Bissaka,Wan-Bissaka,13,Man Utd,2,9,9
289,Mason Greenwood,Greenwood,13,Man Utd,3,9,9
459,Juan Mata,Mata,13,Man Utd,3,9,0
485,Jadon Sancho,Sancho,13,Man Utd,3,9,7
509,Tom Heaton,Heaton,13,Man Utd,1,9,0
510,Jose Diogo Dalot Teixeira,Dalot,13,Man Utd,2,9,3
511,Andreas Pereira,Pereira,13,Man Utd,3,9,0
512,Anthony Elanga,Elanga,13,Man Utd,3,9,0
555,Raphael Varane,Varane,13,Man Utd,2,8,5
579,Cristiano Ronaldo dos Santos Aveiro,Ronaldo,13,Man Utd,4,6,6
19,Joseph Willock,Willock,14,Newcastle,3,9,8
291,Jonjo Shelvey,Shelvey,14,Newcastle,3,9,2
292,Matt Ritchie,Ritchie,14,Newcastle,2,9,9
293,Ciaran Clark,Clark,14,Newcastle,2,9,7
294,Karl Darlow,Darlow,14,Newcastle,1,9,5
295,Martin Dubravka,Dubravka,14,Newcastle,1,9,0
296,Callum Wilson,Wilson,14,Newcastle,4,9,5
297,Jeff Hendrick,Hendrick,14,Newcastle,3,9,2
298,Ryan Fraser,Fraser,14,Newcastle,3,9,6
299,Jamaal Lascelles,Lascelles,14,Newcastle,2,9,6
300,Dwight Gayle,Gayle,14,Newcastle,4,9,2
301,Paul Dummett,Dummett,14,Newcastle,2,9,0
302,Javier Manquillo,Manquillo,14,Newcastle,2,9,6
303,Emil Krafth,Krafth,14,Newcastle,2,9,3
304,Jacob Murphy,Murphy,14,Newcastle,3,9,8
305,Fabian Schar,Schar,14,Newcastle,2,9,2
306,Isaac Hayden,Hayden,14,Newcastle,3,9,8
307,Allan Saint-Maximin,Saint-Maximin,14,Newcastle,4,9,9
308,Miguel Almiron,Almiron,14,Newcastle,3,9,8
309,Sean Longstaff,S.Longstaff,14,Newcastle,3,9,9
310,Joelinton Cassio Apolinario de Lira,Joelinton,14,Newcastle,4,9,9
311,Jamal Lewis,Lewis,14,Newcastle,2,9,1
312,Matthew Longstaff,M.Longstaff,14,Newcastle,3,9,0
465,Federico Fernandez,Fernandez,14,Newcastle,2,9,5
513,Freddie Woodman,Woodman,14,Newcastle,1,9,4
514,Mark Gillespie,Gillespie,14,Newcastle,1,9,0
599,Joe White,White,14,Newcastle,3,6,0
609,Elliot Anderson,Anderson,14,Newcastle,3,4,0
145,Billy Gilmour,Gilmour,15,Norwich,3,9,4
290,Brandon Williams,Williams,15,Norwich,2,9,5
313,Michael McGovern,McGovern,15,Norwich,1,9,0
314,Tim Krul,Krul,15,Norwich,1,9,9
315,Teemu Pukki,Pukki,15,Norwich,4,9,9
316,Marco Stiepermann,Stiepermann,15,Norwich,3,9,0
317,Lukas Rupp,Rupp,15,Norwich,3,9,6
318,Kenny McLean,McLean,15,Norwich,3,9,8
319,Grant Hanley,Hanley,15,Norwich,2,9,9
320,Onel Hernandez,Hernandez,15,Norwich,3,9,0
321,Sam Byram,Byram,15,Norwich,2,9,0
322,Jordan Hugill,Hugill,15,Norwich,4,9,0
323,Kieran Dowell,Dowell,15,Norwich,3,9,2
324,Christoph Zimmermann,Zimmermann,15,Norwich,2,9,0
325,Todd Cantwell,Cantwell,15,Norwich,3,9,5
326,Max Aarons,Aarons,15,Norwich,2,9,9
327,Jacob Sørensen,Sørensen,15,Norwich,2,9,0
328,Przemyslaw Placheta,Placheta,15,Norwich,3,9,0
329,Adam Idah,Idah,15,Norwich,4,9,6
330,Josh Martin,Martin,15,Norwich,3,9,0
331,Andrew Omobamidele,Omobamidele,15,Norwich,2,9,2
448,Angus Gunn,Gunn,15,Norwich,1,9,0
449,Milot Rashica,Rashica,15,Norwich,3,9,9
456,Ben Gibson,Gibson,15,Norwich,2,9,7
457,Dimitris Giannoulis,Giannoulis,15,Norwich,2,9,6
471,Pierre Lees-Melou,Lees-Melou,15,Norwich,3,9,8
515,Bali Mumba,Mumba,15,Norwich,2,9,1
516,Joshua Sargent,Sargent,15,Norwich,4,9,8
528,Christos Tzolis,Tzolis,15,Norwich,3,9,3
580,Ozan Kabak,Kabak,15,Norwich,2,6,5
581,Mathias Normann,Normann,15,Norwich,3,6,5
332,Theo Walcott,Walcott,16,Southampton,3,9,5
333,Fraser Forster,Forster,16,Southampton,1,9,0
334,Alex McCarthy,McCarthy,16,Southampton,1,9,9
335,Oriol Romeu Vidal,Romeu,16,Southampton,3,9,9
336,Nathan Redmond,Redmond,16,Southampton,3,9,8
338,Jack Stephens,Stephens,16,Southampton,2,9,5
339,Stuart Armstrong,S.Armstrong,16,Southampton,3,9,2
341,James Ward-Prowse,Ward-Prowse,16,Southampton,3,9,7
342,Kyle Walker-Peters,Walker-Peters,16,Southampton,2,9,5
343,Jan Bednarek,Bednarek,16,Southampton,2,9,6
344,Daniel N'Lundulu,Nlundulu,16,Southampton,4,9,0
345,Che Adams,Adams,16,Southampton,4,9,6
346,Nathan Tella,Tella,16,Southampton,3,9,3
347,William Smallbone,Smallbone,16,Southampton,3,9,0
348,Michael Obafemi,Obafemi,16,Southampton,4,9,0
349,Ibrahima Diallo,Diallo,16,Southampton,3,9,7
350,Moussa Djenepo,Djenepo,16,Southampton,3,9,7
351,Mohammed Salisu,Salisu,16,Southampton,2,9,9
460,Romain Perraud,Perraud,16,Southampton,2,9,6
491,Tino Livramento,Livramento,16,Southampton,2,9,9
517,Mohamed Elyounoussi,Elyounoussi,16,Southampton,3,9,7
518,Armando Broja,Broja,16,Southampton,4,9,6
519,Shane Long,Long,16,Southampton,4,9,1
525,Adam Armstrong,A.Armstrong,16,Southampton,4,9,8
546,Yan Valery,Valery,16,Southampton,2,9,0
567,Lyanco Evangelista Silveira Neves Vojnovic,Lyanco,16,Southampton,2,7,0
352,Joe Hart,Hart,17,Spurs,1,9,0
353,Hugo Lloris,Lloris,17,Spurs,1,9,9
355,Toby Alderweireld,Alderweireld,17,Spurs,2,9,0
356,Erik Lamela,Lamela,17,Spurs,3,9,0
357,Harry Kane,Kane,17,Spurs,4,9,8
358,Serge Aurier,Aurier,17,Spurs,2,9,0
359,Heung-Min Son,Son,17,Spurs,3,9,8
360,Matt Doherty,Doherty,17,Spurs,2,9,1
361,Eric Dier,Dier,17,Spurs,2,9,9
362,Lucas Rodrigues Moura da Silva,Lucas Moura,17,Spurs,3,9,8
363,Bamidele Alli,Dele,17,Spurs,3,9,6
364,Ben Davies,Davies,17,Spurs,2,9,1
365,Pierre-Emile Højbjerg,Højbjerg,17,Spurs,3,9,9
366,Harry Winks,Winks,17,Spurs,3,9,2
367,Davinson Sanchez,Sanchez,17,Spurs,2,9,5
368,Ryan Sessegnon,Sessegnon,17,Spurs,2,9,0
369,Steven Bergwijn,Bergwijn,17,Spurs,3,9,4
370,Sergio Reguilon,Reguilon,17,Spurs,2,9,9
371,Japhet Tanganga,Tanganga,17,Spurs,2,9,5
372,Giovani Lo Celso,Lo Celso,17,Spurs,3,9,5
373,Oliver Skipp,Skipp,17,Spurs,3,9,9
374,Joe Rodon,Rodon,17,Spurs,2,9,1
375,Tanguy Ndombele,Ndombele,17,Spurs,3,9,5
486,Pierluigi Gollini,Gollini,17,Spurs,1,9,0
487,Bryan Gil Salvatierra,Bryan,17,Spurs,3,9,5
494,Cristian Romero,Romero,17,Spurs,2,9,5
520,Dane Scarlett,Scarlett,17,Spurs,4,9,0
588,Emerson Aparecido Leite de Souza Junior,Emerson Royal,17,Spurs,2,6,6
597,Dilan Markanday,Markanday,17,Spurs,3,6,0
598,Tobi Omole,Omole,17,Spurs,2,6,0
354,Moussa Sissoko,Sissoko,18,Watford,3,9,7
376,Ben Foster,Foster,18,Watford,1,9,5
377,Danny Rose,Rose,18,Watford,2,9,5
378,Dan Gosling,Gosling,18,Watford,3,9,1
379,Craig Cathcart,Cathcart,18,Watford,2,9,7
380,Troy Deeney,Deeney,18,Watford,4,9,2
381,Tom Cleverley,Cleverley,18,Watford,3,9,6
382,Francisco Femenia Far,Femenia,18,Watford,2,9,4
383,Andre Gray,Gray,18,Watford,4,9,0
384,Christian Kabasele,Kabasele,18,Watford,2,9,3
385,Nathaniel Chalobah,Chalobah,18,Watford,3,9,0
387,William Troost-Ekong,Troost-Ekong,18,Watford,2,9,9
388,Stipe Perica,Perica,18,Watford,4,9,0
389,Daniel Bachmann,Bachmann,18,Watford,1,9,4
390,Adam Masina,Masina,18,Watford,2,9,5
391,Ken Sema,Sema,18,Watford,3,9,5
392,Philip Zinckernagel,Zinckernagel,18,Watford,3,9,0
393,Isaac Success Ajayi,Success,18,Watford,4,9,0
394,Ayotomiwa Dele-Bashiru,Dele-Bashiru,18,Watford,3,9,0
395,Ashley Fletcher,Fletcher,18,Watford,4,9,0
396,Francisco Sierralta,Sierralta,18,Watford,2,9,3
397,Domingos Quina,Quina,18,Watford,3,9,0
398,Marc Navarro,Navarro,18,Watford,2,9,0
399,Ismaila Sarr,Sarr,18,Watford,3,9,9
400,Jeremy Ngakia,Ngakia,18,Watford,2,9,6
401,Ben Wilmot,Wilmot,18,Watford,2,9,0
402,Joseph Hungbo,Hungbo,18,Watford,3,9,0
403,Imran Louza,Louza,18,Watford,3,9,1
404,Joao Pedro Junqueira de Jesus,Joao Pedro,18,Watford,4,9,4
405,Kwadwo Baah,Baah,18,Watford,3,9,0
450,Emmanuel Dennis,Dennis,18,Watford,4,9,9
454,Matthew Pollock,Pollock,18,Watford,2,9,0
467,Oghenekaro Peter Etebo,Etebo,18,Watford,3,9,6
468,Joshua King,King,18,Watford,4,9,7
469,Adedapo Awokoya-Mebude,Mebude,18,Watford,4,9,0
472,Juan Camilo Hernandez Suarez,Cucho,18,Watford,4,9,6
495,Juraj Kucka,Kucka,18,Watford,3,9,8
557,Ozan Tufan,Tufan,18,Watford,3,8,3
574,Robert Elliot,Elliot,18,Watford,1,7,0
618,Nicolas Nkoulou,Nkoulou,18,Watford,2,1,1
128,Kurt Zouma,Zouma,19,West Ham,2,9,5
406,Mark Noble,Noble,19,West Ham,3,9,2
407,Darren Randolph,Randolph,19,West Ham,1,9,0
408,Lukasz Fabianski,Fabianski,19,West Ham,1,9,9
409,Angelo Ogbonna,Ogbonna,19,West Ham,2,9,9
410,Winston Reid,Reid,19,West Ham,2,9,0
411,Aaron Cresswell,Cresswell,19,West Ham,2,9,9
412,Andriy Yarmolenko,Yarmolenko,19,West Ham,3,9,7
413,Michail Antonio,Antonio,19,West Ham,4,9,8
414,Craig Dawson,Dawson,19,West Ham,2,9,7
415,Ryan Fredericks,Fredericks,19,West Ham,2,9,1
416,Manuel Lanzini,Lanzini,19,West Ham,3,9,4
417,Arthur Masuaku,Masuaku,19,West Ham,2,9,0
418,Vladimir Coufal,Coufal,19,West Ham,2,9,7
419,Said Benrahma,Benrahma,19,West Ham,3,9,9
420,Jarrod Bowen,Bowen,19,West Ham,3,9,9
421,Declan Rice,Rice,19,West Ham,3,9,9
422,Tomas Soucek,Soucek,19,West Ham,3,9,9
423,Pablo Fornals,Fornals,19,West Ham,3,9,9
424,Issa Diop,Diop,19,West Ham,2,9,0
425,Ben Johnson,Johnson,19,West Ham,2,9,3
489,Alphonse Areola,Areola,19,West Ham,1,9,0
521,Frederik Alves,Alves,19,West Ham,2,9,0
522,Conor Coventry,Coventry,19,West Ham,3,9,0
554,Jamal Baptiste,Baptiste,19,West Ham,2,9,0
582,Nikola Vlasic,Vlasic,19,West Ham,3,6,3
589,Alex Kral,Kral,19,West Ham,3,6,0
617,Harrison Ashby,Ashby,19,West Ham,2,2,0
426,Joao Filipe Iria Santos Moutinho,Moutinho,20,Wolves,3,9,9
427,Rui Pedro dos Santos Patricio,Patricio,20,Wolves,1,9,0
428,Willy Boly,Boly,20,Wolves,2,9,0
429,Conor Coady,Coady,20,Wolves,2,9,9
430,Raul Jimenez,Jimenez,20,Wolves,4,9,9
431,Romain Saiss,Saiss,20,Wolves,2,9,9
432,Fernando Marcal,Marcal,20,Wolves,2,9,8
433,Jonathan Castro Otto,Jonny,20,Wolves,2,9,0
434,Leander Dendoncker,Dendoncker,20,Wolves,3,9,6
435,Adama Traore,Traore,20,Wolves,3,9,9
436,Ruben Diogo da Silva Neves,Neves,20,Wolves,3,9,9
437,Nelson Cabral Semedo,Semedo,20,Wolves,2,9,8
438,Daniel Castelo Podence,Podence,20,Wolves,3,9,6
439,Max Kilman,Kilman,20,Wolves,2,9,9
440,Morgan Gibbs-White,Gibbs-White,20,Wolves,3,9,2
441,Pedro Lomba Neto,Neto,20,Wolves,3,9,0
442,Owen Otasowie,Otasowie,20,Wolves,3,9,0
443,Ki-Jana Hoever,Hoever,20,Wolves,2,9,3
444,Andreas Sondergaard,Sondergaard,20,Wolves,1,9,0
445,Fabio Silva,Fabio Silva,20,Wolves,4,9,5
446,Yerson Mosquera Valdelamar,Mosquera,20,Wolves,2,9,0
452,John Ruddy,Ruddy,20,Wolves,1,9,0
461,Francisco Machado Mota de Castro Trincao,Trincao,20,Wolves,3,9,6
470,Rayan Ait Nouri,Ait Nouri,20,Wolves,2,9,2
475,Jose Malheiro de Sa,Sa,20,Wolves,1,9,9
523,Patrick Cutrone,Cutrone,20,Wolves,4,9,0
547,Luke Cundle,Cundle,20,Wolves,3,9,0
548,Chem Campbell,Campbell,20,Wolves,3,9,0
549,Christian Marques,Marques,20,Wolves,2,9,0
583,Hee-Chan Hwang,Hwang,20,Wolves,4,6,6
611,Louie Moulden,Moulden,20,Wolves,1,4,0
